,precision,recall,f1-score,support
Fake,0.9545454545454546,0.875,0.9130434782608695,48.0
Real,0.9076923076923077,0.9672131147540983,0.9365079365079365,61.0
accuracy,0.926605504587156,0.926605504587156,0.926605504587156,0.926605504587156
macro avg,0.9311188811188811,0.9211065573770492,0.924775707384403,109.0
weighted avg,0.9283248861230512,0.926605504587156,0.9261749640688611,109.0
