Epoch,Train Loss,Val Loss,Train Accuracy,Val Accuracy
1,0.6312786721656444,0.6407463966159646,0.5842880523731587,0.6330275229357798
2,0.25157545198444065,0.5515387251443409,0.8919803600654664,0.8256880733944955
3,0.14356440433137935,0.6158922943500204,0.9476268412438625,0.8256880733944955
4,0.1600904551040497,0.33105908532481676,0.944353518821604,0.871559633027523
5,0.09735188708806779,0.2600661559936103,0.9705400981996727,0.926605504587156
