,precision,recall,f1-score,support
Fake,0.9397590361445783,0.9629629629629629,0.9512195121951219,81.0
Real,0.9702970297029703,0.9514563106796117,0.9607843137254902,103.0
accuracy,0.9565217391304348,0.9565217391304348,0.9565217391304348,0.9565217391304348
macro avg,0.9550280329237744,0.9572096368212872,0.9560019129603061,184.0
weighted avg,0.9568536738430261,0.9565217391304348,0.9565737217474476,184.0
