,precision,recall,f1-score,support
Fake,0.9473684210526315,0.2222222222222222,0.36,81.0
Real,0.6181818181818182,0.9902912621359223,0.7611940298507462,103.0
accuracy,0.6521739130434783,0.6521739130434783,0.6521739130434783,0.6521739130434783
macro avg,0.7827751196172248,0.6062567421790723,0.5605970149253732,184.0
weighted avg,0.7630954857499479,0.6521739130434783,0.5845814406229721,184.0
