,precision,recall,f1-score,support
Real,0.7857142857142857,0.9611650485436893,0.8646288209606987,103.0
Fake,0.9310344827586207,0.6666666666666666,0.7769784172661871,81.0
accuracy,0.8315217391304348,0.8315217391304348,0.8315217391304348,0.8315217391304348
macro avg,0.8583743842364532,0.8139158576051779,0.8208036191134429,184.0
weighted avg,0.8496867637609766,0.8315217391304348,0.8260435888995279,184.0
