{
    "Training Loss": [
        0.8570290075408088,
        0.8567495346069336,
        0.8053884340657128,
        0.7238746384779612,
        0.6032717145151563
    ],
    "Validation Loss": [
        0.93702632188797,
        0.9357010245323181,
        0.6265981078147889,
        0.5679035544395447,
        0.5592528700828552
    ],
    "Training Accuracy": [
        45.65972222222222,
        45.65972222222222,
        50.86805555555556,
        56.423611111111114,
        69.79166666666666
    ],
    "Validation Accuracy": [
        36.80555555555556,
        36.80555555555556,
        64.58333333333334,
        69.44444444444444,
        73.61111111111111
    ],
    "Confusion Matrix": [
        [
            61,
            30
        ],
        [
            8,
            45
        ]
    ],
    "Classification Report": {
        "Real": {
            "precision": 0.8840579710144928,
            "recall": 0.6703296703296703,
            "f1-score": 0.7625,
            "support": 91.0
        },
        "Fake": {
            "precision": 0.6,
            "recall": 0.8490566037735849,
            "f1-score": 0.703125,
            "support": 53.0
        },
        "accuracy": 0.7361111111111112,
        "macro avg": {
            "precision": 0.7420289855072464,
            "recall": 0.7596931370516276,
            "f1-score": 0.7328125,
            "support": 144.0
        },
        "weighted avg": {
            "precision": 0.7795088566827697,
            "recall": 0.7361111111111112,
            "f1-score": 0.7406467013888889,
            "support": 144.0
        }
    }
}