Epoch,Train Loss,Val Loss,Train Accuracy,Val Accuracy
1,0.3285834535998596,0.234842660634414,0.5864022662889519,0.717391304347826
2,0.202560303168155,0.3161050981801489,0.7351274787535411,0.6684782608695652
3,0.18214955368730906,0.16889051769090735,0.7903682719546742,0.782608695652174
4,0.13348070964238293,0.11521239837874538,0.8526912181303116,0.875
5,0.09057904167823684,0.13133266632971557,0.9065155807365439,0.8315217391304348
