,precision,recall,f1-score,support
Fake,0.9193548387096774,0.7037037037037037,0.7972027972027972,81.0
Real,0.8032786885245902,0.9514563106796117,0.8711111111111111,103.0
accuracy,0.842391304347826,0.842391304347826,0.842391304347826,0.842391304347826
macro avg,0.8613167636171337,0.8275800071916577,0.8341569541569541,184.0
weighted avg,0.8543774285517209,0.842391304347826,0.8385753859666903,184.0
