,precision,recall,f1-score,support
Fake,0.49032258064516127,0.9382716049382716,0.6440677966101694,81.0
Real,0.8275862068965517,0.23300970873786409,0.36363636363636365,103.0
accuracy,0.5434782608695652,0.5434782608695652,0.5434782608695652,0.5434782608695652
macro avg,0.6589543937708565,0.5856406568380679,0.5038520801232665,184.0
weighted avg,0.6791168931663201,0.5434782608695652,0.4870871574998325,184.0
