,precision,recall,f1-score,support
Fake,0.9591836734693877,0.9791666666666666,0.9690721649484536,48.0
Real,0.9833333333333333,0.9672131147540983,0.9752066115702479,61.0
accuracy,0.9724770642201835,0.9724770642201835,0.9724770642201835,0.9724770642201835
macro avg,0.9712585034013606,0.9731898907103824,0.9721393882593508,109.0
weighted avg,0.9726986207326966,0.9724770642201835,0.9725052038835862,109.0
