,precision,recall,f1-score,support
Fake,0.9795918367346939,1.0,0.9896907216494846,48.0
Real,1.0,0.9836065573770492,0.9917355371900827,61.0
accuracy,0.9908256880733946,0.9908256880733946,0.9908256880733946,0.9908256880733946
macro avg,0.9897959183673469,0.9918032786885246,0.9907131294197836,109.0
weighted avg,0.9910129189290394,0.9908256880733946,0.9908350679611955,109.0
