,precision,recall,f1-score,support
Fake,1.0,0.9791666666666666,0.9894736842105263,48.0
Real,0.9838709677419355,1.0,0.991869918699187,61.0
accuracy,0.9908256880733946,0.9908256880733946,0.9908256880733946,0.9908256880733946
macro avg,0.9919354838709677,0.9895833333333333,0.9906718014548566,109.0
weighted avg,0.9909736608464043,0.9908256880733946,0.9908146961720703,109.0
