,precision,recall,f1-score,support
Fake,1.0,0.024691358024691357,0.04819277108433735,81.0
Real,0.5659340659340659,1.0,0.7228070175438597,103.0
accuracy,0.5706521739130435,0.5706521739130435,0.5706521739130435,0.5706521739130435
macro avg,0.782967032967033,0.5123456790123457,0.38549989431409853,184.0
weighted avg,0.7570174390826565,0.5706521739130435,0.42583009383070036,184.0
