,precision,recall,f1-score,support
Fake,0.9791666666666666,0.9791666666666666,0.9791666666666666,48.0
Real,0.9836065573770492,0.9836065573770492,0.9836065573770492,61.0
accuracy,0.981651376146789,0.981651376146789,0.981651376146789,0.981651376146789
macro avg,0.981386612021858,0.981386612021858,0.981386612021858,109.0
weighted avg,0.981651376146789,0.981651376146789,0.981651376146789,109.0
