,precision,recall,f1-score,support
Fake,0.94,0.9791666666666666,0.9591836734693877,48.0
Real,0.9830508474576272,0.9508196721311475,0.9666666666666667,61.0
accuracy,0.963302752293578,0.963302752293578,0.963302752293578,0.963302752293578
macro avg,0.9615254237288136,0.9649931693989071,0.9629251700680272,109.0
weighted avg,0.9640926761001399,0.963302752293578,0.9633714036073144,109.0
