,precision,recall,f1-score,support
Real,0.569060773480663,1.0,0.7253521126760564,103.0
Fake,1.0,0.037037037037037035,0.07142857142857142,81.0
accuracy,0.5760869565217391,0.5760869565217391,0.5760869565217391,0.5760869565217391
macro avg,0.7845303867403315,0.5185185185185185,0.3983903420523139,184.0
weighted avg,0.7587677155897189,0.5760869565217391,0.4374835972355875,184.0
