,precision,recall,f1-score,support
Real,0.8840579710144928,0.6703296703296703,0.7625,91.0
Fake,0.6,0.8490566037735849,0.703125,53.0
accuracy,0.7361111111111112,0.7361111111111112,0.7361111111111112,0.7361111111111112
macro avg,0.7420289855072464,0.7596931370516276,0.7328125,144.0
weighted avg,0.7795088566827697,0.7361111111111112,0.7406467013888889,144.0
