Epoch,Train Loss,Val Loss,Train Accuracy,Val Accuracy
1,0.33460087977117586,0.2502908862155417,0.5070821529745042,0.5760869565217391
2,0.2568453991885901,0.24551469605901968,0.5892351274787535,0.5597826086956522
3,0.23782589271791257,0.24469224655109903,0.5694050991501416,0.5597826086956522
4,0.22431432550757194,0.2349922449692436,0.669971671388102,0.5978260869565217
5,0.2074969281302633,0.25137512061906897,0.6940509915014165,0.5760869565217391
