,precision,recall,f1-score,support
Real,0.9696969696969697,0.9320388349514563,0.9504950495049505,103.0
Fake,0.9176470588235294,0.9629629629629629,0.9397590361445783,81.0
accuracy,0.9456521739130435,0.9456521739130435,0.9456521739130435,0.9456521739130435
macro avg,0.9436720142602495,0.9475008989572096,0.9451270428247645,184.0
weighted avg,0.9467836937146399,0.9456521739130435,0.9457688697104388,184.0
