,precision,recall,f1-score,support
Fake,0.0,0.0,0.0,81.0
Real,0.5597826086956522,1.0,0.7177700348432056,103.0
accuracy,0.5597826086956522,0.5597826086956522,0.5597826086956522,0.5597826086956522
macro avg,0.2798913043478261,0.5,0.3588850174216028,184.0
weighted avg,0.31335656899810965,0.5597826086956522,0.40179518254809876,184.0
