Epoch,Train Loss,Val Loss,Train Accuracy,Val Accuracy
1,0.6375938481717204,3.6207865483593196,0.6274787535410765,0.5597826086956521
2,0.4056428414228618,10.314022237192027,0.8201133144475921,0.5597826086956521
