,precision,recall,f1-score,support
Real,0.8015873015873016,0.9805825242718447,0.8820960698689956,103.0
Fake,0.9655172413793104,0.691358024691358,0.8057553956834532,81.0
accuracy,0.8532608695652174,0.8532608695652174,0.8532608695652174,0.8532608695652174
macro avg,0.883552271483306,0.8359702744816013,0.8439257327762244,184.0
weighted avg,0.8737521120392185,0.8532608695652174,0.848489577428621,184.0
