,precision,recall,f1-score,support
Fake,0.5625,0.9375,0.703125,48.0
Real,0.896551724137931,0.4262295081967213,0.5777777777777777,61.0
accuracy,0.6513761467889908,0.6513761467889908,0.6513761467889908,0.6513761467889908
macro avg,0.7295258620689655,0.6818647540983607,0.6404513888888889,109.0
weighted avg,0.7494463777285669,0.6513761467889908,0.6329765545361875,109.0
