,precision,recall,f1-score,support
Fake,0.38461538461538464,0.10416666666666667,0.16393442622950818,48.0
Real,0.5520833333333334,0.8688524590163934,0.6751592356687898,61.0
accuracy,0.5321100917431193,0.5321100917431193,0.5321100917431193,0.5321100917431193
macro avg,0.46834935897435903,0.48650956284153,0.41954683094914896,109.0
weighted avg,0.478335979769466,0.5321100917431193,0.45003271408084927,109.0
