Epoch,Train Loss,Val Loss,Train Accuracy,Val Accuracy
1,0.8309031765901905,28.230145377303486,0.502454991816694,0.5596330275229358
2,0.6719636682012468,7.1647201170888515,0.574468085106383,0.5779816513761469
3,0.6195055708752522,1.0332342260474459,0.6448445171849427,0.6330275229357798
4,0.5801701634488208,2.616114157055496,0.6890343698854338,0.6238532110091743
5,0.5812807820627616,15.472070577146951,0.7266775777414075,0.5321100917431193
